name,email,mobile,slot_time,date,amount,payment_method
Rahul Sharma,rahul.sharma@example.com,9876543210,7:00 PM - 8:00 PM,2025-07-12,800,UPI
Amit Patel,amit.patel@example.com,9123456789,6:00 PM - 7:00 PM,2025-07-12,700,Cash
Siddharth Reddy,siddharth.reddy@example.com,9988776655,5:00 PM - 6:00 PM,2025-07-13,1200,PhonePay
Karan Mehta,karan.mehta@example.com,9001122334,8:00 PM - 9:00 PM,2025-07-14,850,UPI
Yash Gupta,yash.gupta@example.com,9012345678,6:00 PM - 7:00 PM,2025-07-15,750,Cash
Priya Desai,priya.desai@example.com,9823456789,7:00 AM - 8:00 AM,2025-07-15,650,PhonePay
Rohit Verma,rohit.verma@example.com,9812345670,5:00 PM - 6:00 PM,2025-07-16,900,UPI
Neha Singh,neha.singh@example.com,9834567891,6:00 PM - 7:00 PM,2025-07-17,700,Cash
Arjun Nair,arjun.nair@example.com,9845678902,7:00 PM - 8:00 PM,2025-07-18,800,PhonePay
Divya Rao,divya.rao@example.com,9856789013,8:00 AM - 9:00 AM,2025-07-19,600,UPI
Nikhil Joshi,nikhil.joshi@example.com,9867890124,5:00 PM - 6:00 PM,2025-07-20,750,Cash
Sneha Pillai,sneha.pillai@example.com,9878901235,6:00 PM - 7:00 PM,2025-07-21,850,PhonePay
Varun Bhat,varun.bhat@example.com,9889012346,7:00 AM - 8:00 AM,2025-07-22,800,UPI
Aisha Khan,aisha.khan@example.com,9890123457,8:00 PM - 9:00 PM,2025-07-23,950,Cash
Manav Singh,manav.singh@example.com,9901234568,5:00 PM - 6:00 PM,2025-07-24,700,PhonePay
Meera Iyer,meera.iyer@example.com,9912345679,6:00 PM - 7:00 PM,2025-07-25,680,UPI
Rakesh Jain,rakesh.jain@example.com,9923456780,7:00 AM - 8:00 AM,2025-07-26,750,Cash
Shweta Deshmukh,shweta.deshmukh@example.com,9934567891,7:00 PM - 8:00 PM,2025-07-27,880,PhonePay
Harsh Vardhan,harsh.vardhan@example.com,9945678902,8:00 AM - 9:00 AM,2025-07-28,920,UPI
Lavanya Reddy,lavanya.reddy@example.com,9956789013,5:00 PM - 6:00 PM,2025-07-29,670,Cash
Saurabh Malhotra,saurabh.malhotra@example.com,9967890124,6:00 PM - 7:00 PM,2025-07-30,860,PhonePay
Tanvi Rao,tanvi.rao@example.com,9978901235,7:00 PM - 8:00 PM,2025-07-31,740,UPI
Ankit Srivastava,ankit.srivastava@example.com,9989012346,8:00 PM - 9:00 PM,2025-08-01,800,Cash
Pooja Sharma,pooja.sharma@example.com,9990123457,7:00 AM - 8:00 AM,2025-08-02,690,PhonePay
Vikram Sinha,vikram.sinha@example.com,9001234567,5:00 PM - 6:00 PM,2025-08-03,710,UPI
Naina Kapoor,naina.kapoor@example.com,9012345678,6:00 PM - 7:00 PM,2025-08-04,880,Cash
Gaurav Chauhan,gaurav.chauhan@example.com,9023456789,7:00 PM - 8:00 PM,2025-08-05,970,PhonePay
Ishita Das,ishita.das@example.com,9034567890,8:00 AM - 9:00 AM,2025-08-06,930,UPI
Tarun Mishra,tarun.mishra@example.com,9045678901,6:00 PM - 7:00 PM,2025-08-07,790,Cash
Nikita Jain,nikita.jain@example.com,9056789012,7:00 AM - 8:00 AM,2025-08-08,870,PhonePay
Abhinav Anand,abhinav.anand@example.com,9067890123,8:00 PM - 9:00 PM,2025-08-09,890,UPI
Riya Malhotra,riya.malhotra@example.com,9078901234,5:00 PM - 6:00 PM,2025-08-10,910,Cash
Yuvraj Rana,yuvraj.rana@example.com,9089012345,7:00 PM - 8:00 PM,2025-08-11,750,PhonePay
Simran Chawla,simran.chawla@example.com,9090123456,6:00 PM - 7:00 PM,2025-08-12,810,UPI
Aditya Joshi,aditya.joshi@example.com,9101234567,8:00 AM - 9:00 AM,2025-08-13,930,Cash
Kritika Bhatt,kritika.bhatt@example.com,9112345678,5:00 PM - 6:00 PM,2025-08-14,870,PhonePay
Rajiv Mehra,rajiv.mehra@example.com,9123456789,7:00 PM - 8:00 PM,2025-08-15,920,UPI
Anjali Verma,anjali.verma@example.com,9134567890,6:00 PM - 7:00 PM,2025-08-16,700,Cash
Mayank Sharma,mayank.sharma@example.com,9145678901,8:00 PM - 9:00 PM,2025-08-17,950,PhonePay
Shruti Nair,shruti.nair@example.com,9156789012,7:00 AM - 8:00 AM,2025-08-18,880,UPI
Akash Khanna,akash.khanna@example.com,9167890123,6:00 PM - 7:00 PM,2025-08-19,790,Cash
Snehal Patil,snehal.patil@example.com,9178901234,7:00 PM - 8:00 PM,2025-08-20,720,PhonePay
Bhavya Shah,bhavya.shah@example.com,9189012345,8:00 PM - 9:00 PM,2025-08-21,940,UPI
Tanmay Joshi,tanmay.joshi@example.com,9190123456,5:00 PM - 6:00 PM,2025-08-22,900,Cash
Jhanvi Kapoor,jhanvi.kapoor@example.com,9201234567,7:00 AM - 8:00 AM,2025-08-23,810,PhonePay
Rudra Desai,rudra.desai@example.com,9212345678,6:00 PM - 7:00 PM,2025-08-24,870,UPI
Shanaya Rao,shanaya.rao@example.com,9223456789,7:00 PM - 8:00 PM,2025-08-25,920,Cash
Om Prakash,om.prakash@example.com,9234567890,8:00 AM - 9:00 AM,2025-08-26,860,PhonePay
Muskan Bhatia,muskan.bhatia@example.com,9245678901,5:00 PM - 6:00 PM,2025-08-27,910,UPI
Aarav Nanda,aarav.nanda@example.com,9256789012,6:00 PM - 7:00 PM,2025-08-28,780,Cash
Kavya Shah,kavya.shah@example.com,9267890123,7:00 AM - 8:00 AM,2025-08-29,890,PhonePay
Rachit Taneja,rachit.taneja@example.com,9278901234,8:00 PM - 9:00 PM,2025-08-30,920,UPI
Natasha Dutta,natasha.dutta@example.com,9289012345,5:00 PM - 6:00 PM,2025-08-31,850,Cash
Shaurya Gill,shaurya.gill@example.com,9290123456,6:00 PM - 7:00 PM,2025-09-01,870,PhonePay
Zoya Khan,zoya.khan@example.com,9301234567,7:00 PM - 8:00 PM,2025-09-02,890,UPI
Arnav Mehta,arnav.mehta@example.com,9312345678,8:00 AM - 9:00 AM,2025-09-03,780,Cash
Diya Sharma,diya.sharma@example.com,9323456789,7:00 AM - 8:00 AM,2025-09-04,740,PhonePay
Kunal Saxena,kunal.saxena@example.com,9334567890,8:00 PM - 9:00 PM,2025-09-05,910,UPI
Mira Bhatt,mira.bhatt@example.com,9345678901,6:00 PM - 7:00 PM,2025-09-06,870,Cash
Tanishq Roy,tanishq.roy@example.com,9356789012,5:00 PM - 6:00 PM,2025-09-07,880,PhonePay
Avni Kapoor,avni.kapoor@example.com,9367890123,7:00 PM - 8:00 PM,2025-09-08,860,UPI